{
    "exp1_scale": {
        "nodes": [
            10,
            20,
            30,
            40,
            50
        ],
        "toueg_messages": [
            949,
            5889,
            18430,
            37368,
            68313
        ],
        "toueg_time": [
            0.006688833236694336,
            0.03695511817932129,
            0.1321125030517578,
            0.2625260353088379,
            0.4750514030456543
        ],
        "floyd_messages": [
            899,
            7049,
            22776,
            49253,
            90373
        ],
        "floyd_time": [
            0.007727146148681641,
            0.07285475730895996,
            0.2887685298919678,
            0.7613096237182617,
            1.7132413387298584
        ]
    },
    "exp2_connectivity": {
        "dense_10": {
            "Time": "0.0067s",
            "Messages": 949,
            "Accuracy": "100.0%"
        },
        "sparse_10": {
            "Time": "0.0036s",
            "Messages": 532,
            "Accuracy": "44.4%"
        }
    },
    "exp3_complexity": {
        "toueg": [
            0.49202656745910645,
            68313,
            34931048
        ],
        "floyd": [
            1.6849992275238037,
            90373,
            397892976
        ]
    }
}