{
    "exp1_scale": {
        "nodes": [
            10,
            20,
            30,
            40,
            50
        ],
        "toueg_messages": [
            949,
            5889,
            18430,
            37368,
            68313
        ],
        "toueg_time": [
            0.013705968856811523,
            0.06663131713867188,
            0.23740506172180176,
            0.4942154884338379,
            0.8154072761535645
        ],
        "floyd_messages": [
            1579,
            10530,
            34487,
            70707,
            131778
        ],
        "floyd_time": [
            0.02819538116455078,
            0.22168779373168945,
            1.045438528060913,
            2.4052484035491943,
            5.245655298233032
        ]
    },
    "exp2_connectivity": {
        "dense_10": {
            "Time": "0.0137s",
            "Messages": 949,
            "Accuracy": "100.0%"
        },
        "sparse_10": {
            "Time": "0.0071s",
            "Messages": 514,
            "Accuracy": "33.3%"
        }
    },
    "exp3_complexity": {
        "toueg": [
            0.8970112800598145,
            68313,
            34931048
        ],
        "floyd": [
            5.263637542724609,
            131778,
            515742616
        ]
    }
}